"day","sw_name","position"
2023-05-26 08:00:00,汽车零部件II,1
2023-05-26 08:00:00,通用机械II,2
2023-05-26 08:00:00,电网设备II,3
2023-05-26 08:00:00,专用设备II,4
2023-05-26 08:00:00,自动化设备II,5
2023-05-26 08:00:00,电力II,6
2023-05-26 08:00:00,化学制药II,7
2023-05-26 08:00:00,中药II,8
2023-05-26 08:00:00,医疗器械II,9
2023-05-26 08:00:00,光学光电子II,10
2023-05-26 08:00:00,化学制品II,11
2023-05-26 08:00:00,计算机设备II,12
2023-05-26 08:00:00,通信设备II,13
2023-05-26 08:00:00,环境治理II,14
2023-05-26 08:00:00,IT服务II,15
2023-05-26 08:00:00,电机II,16
2023-05-26 08:00:00,塑料II,17
2023-05-26 08:00:00,电子制造II,18
2023-05-26 08:00:00,家电零部件II,19
2023-05-26 08:00:00,电源设备II,20
2023-05-26 08:00:00,软件开发II,21
2023-05-26 08:00:00,元件II,22
2023-05-26 08:00:00,光伏设备II,23
2023-05-26 08:00:00,环保设备II,24
2023-05-26 08:00:00,航空装备II,25
2023-05-26 08:00:00,服装家纺II,26
2023-05-26 08:00:00,燃气II,27
2023-05-26 08:00:00,半导体II,28
2023-05-26 08:00:00,电子化学品II,29
2023-05-26 08:00:00,电池II,30
2023-05-26 08:00:00,运输设备II,31
2023-05-26 08:00:00,其他电子II,32
2023-05-26 08:00:00,医疗服务II,33
2023-05-26 08:00:00,工程咨询服务II,34
2023-05-26 08:00:00,游戏II,35
2023-05-26 08:00:00,基础建设II,36
2023-05-26 08:00:00,船舶制造II,37
2023-05-26 08:00:00,军工电子II,38
2023-05-26 08:00:00,通信运营II,39
2023-05-26 08:00:00,农化制品II,40
2023-05-26 08:00:00,风电设备II,41
2023-05-26 08:00:00,工业金属II,42
2023-05-26 08:00:00,家用轻工II,43
2023-05-26 08:00:00,房地产开发II,44
2023-05-26 08:00:00,包装印刷II,45
2023-05-26 08:00:00,广告营销II,46
2023-05-26 08:00:00,出版II,47
2023-05-26 08:00:00,其他建材II,48
2023-05-26 08:00:00,物流II,49
2023-05-26 08:00:00,水泥制造II,50
2023-05-26 08:00:00,教育II,51
2023-05-26 08:00:00,铁路公路II,52
2023-05-26 08:00:00,互联网电商II,53
2023-05-26 08:00:00,纺织制造II,54
2023-05-26 08:00:00,装修装饰II,55
2023-05-26 08:00:00,化妆品II,56
2023-05-26 08:00:00,地面兵装II,57
2023-05-26 08:00:00,化学纤维II,58
2023-05-26 08:00:00,金属非金属新材料II,59
2023-05-26 08:00:00,专业服务II,60
2023-05-26 08:00:00,Nan,61
2023-05-26 08:00:00,造纸II,62
2023-05-26 08:00:00,文娱用品II,63
2023-05-26 08:00:00,工程机械II,64
2023-05-26 08:00:00,视听器材II,65
2023-05-26 08:00:00,休闲食品II,66
2023-05-26 08:00:00,冶钢原料II,67
2023-05-26 08:00:00,炼化及贸易II,68
2023-05-26 08:00:00,白酒II,69
2023-05-26 08:00:00,航天装备II,70
2023-05-26 08:00:00,照明设备II,71
2023-05-26 08:00:00,综合II,72
2023-05-26 08:00:00,饰品II,73
2023-05-26 08:00:00,证券II,74
2023-05-26 08:00:00,一般零售II,75
2023-05-26 08:00:00,化学原料II,76
2023-05-26 08:00:00,渔业II,77
2023-05-26 08:00:00,商用车II,78
2023-05-26 08:00:00,医药商业II,79
2023-05-26 08:00:00,专业工程II,80
2023-05-26 08:00:00,小家电II,81
2023-05-26 08:00:00,个护用品II,82
2023-05-26 08:00:00,数字媒体II,83
2023-05-26 08:00:00,旅游及景区II,84
2023-05-26 08:00:00,非白酒II,85
2023-05-26 08:00:00,特钢II,86
2023-05-26 08:00:00,生物制品II,87
2023-05-26 08:00:00,普钢II,88
2023-05-25 08:00:00,通用机械II,1
2023-05-25 08:00:00,电网设备II,2
2023-05-25 08:00:00,专用设备II,3
2023-05-25 08:00:00,汽车零部件II,4
2023-05-25 08:00:00,电力II,5
2023-05-25 08:00:00,自动化设备II,6
2023-05-25 08:00:00,光学光电子II,7
2023-05-25 08:00:00,化学制品II,8
2023-05-25 08:00:00,光伏设备II,9
2023-05-25 08:00:00,化学制药II,10
2023-05-25 08:00:00,风电设备II,11
2023-05-25 08:00:00,服装家纺II,12
2023-05-25 08:00:00,医疗器械II,13
2023-05-25 08:00:00,中药II,14
2023-05-25 08:00:00,计算机设备II,15
2023-05-25 08:00:00,通信设备II,16
2023-05-25 08:00:00,电源设备II,17
2023-05-25 08:00:00,环境治理II,18
2023-05-25 08:00:00,电子制造II,19
2023-05-25 08:00:00,电机II,20
2023-05-25 08:00:00,塑料II,21
2023-05-25 08:00:00,家用轻工II,22
2023-05-25 08:00:00,IT服务II,23
2023-05-25 08:00:00,燃气II,24
2023-05-25 08:00:00,军工电子II,25
2023-05-25 08:00:00,航空装备II,26
2023-05-25 08:00:00,家电零部件II,27
2023-05-25 08:00:00,其他电子II,28
2023-05-25 08:00:00,环保设备II,29
2023-05-25 08:00:00,基础建设II,30
2023-05-25 08:00:00,农化制品II,31
2023-05-25 08:00:00,运输设备II,32
2023-05-25 08:00:00,船舶制造II,33
2023-05-25 08:00:00,纺织制造II,34
2023-05-25 08:00:00,电池II,35
2023-05-25 08:00:00,软件开发II,36
2023-05-25 08:00:00,工程咨询服务II,37
2023-05-25 08:00:00,其他建材II,38
2023-05-25 08:00:00,医疗服务II,39
2023-05-25 08:00:00,电子化学品II,40
2023-05-25 08:00:00,半导体II,41
2023-05-25 08:00:00,Nan,42
2023-05-25 08:00:00,物流II,43
2023-05-25 08:00:00,文娱用品II,44
2023-05-25 08:00:00,包装印刷II,45
2023-05-25 08:00:00,铁路公路II,46
2023-05-25 08:00:00,广告营销II,47
2023-05-25 08:00:00,休闲食品II,48
2023-05-25 08:00:00,游戏II,49
2023-05-25 08:00:00,装修装饰II,50
2023-05-25 08:00:00,地面兵装II,51
2023-05-25 08:00:00,工业金属II,52
2023-05-25 08:00:00,化妆品II,53
2023-05-25 08:00:00,炼化及贸易II,54
2023-05-25 08:00:00,房地产开发II,55
2023-05-25 08:00:00,综合II,56
2023-05-25 08:00:00,照明设备II,57
2023-05-25 08:00:00,小家电II,58
2023-05-25 08:00:00,造纸II,59
2023-05-25 08:00:00,专业服务II,60
2023-05-25 08:00:00,金属非金属新材料II,61
2023-05-25 08:00:00,生物制品II,62
2023-05-25 08:00:00,专业工程II,63
2023-05-25 08:00:00,工程机械II,64
2023-05-25 08:00:00,个护用品II,65
2023-05-25 08:00:00,厨卫电器II,66
2023-05-25 08:00:00,互联网电商II,67
2023-05-25 08:00:00,元件II,68
2023-05-25 08:00:00,白酒II,69
2023-05-25 08:00:00,视听器材II,70
2023-05-25 08:00:00,冶钢原料II,71
2023-05-25 08:00:00,航天装备II,72
2023-05-25 08:00:00,通信运营II,73
2023-05-25 08:00:00,渔业II,74
2023-05-25 08:00:00,调味发酵品II,75
2023-05-25 08:00:00,化学纤维II,76
2023-05-25 08:00:00,多元金融II,77
2023-05-25 08:00:00,医药商业II,78
2023-05-25 08:00:00,农产品加工II,79
2023-05-25 08:00:00,特钢II,80
2023-05-25 08:00:00,非白酒II,81
2023-05-25 08:00:00,油服工程II,82
2023-05-25 08:00:00,食品加工II,83
2023-05-25 08:00:00,商用车II,84
2023-05-25 08:00:00,饮料乳品II,85
2023-05-25 08:00:00,饰品II,86
2023-05-25 08:00:00,体育II,87
2023-05-25 08:00:00,橡胶II,88
2023-05-24 08:00:00,通用机械II,1
2023-05-24 08:00:00,电网设备II,2
2023-05-24 08:00:00,专用设备II,3
2023-05-24 08:00:00,汽车零部件II,4
2023-05-24 08:00:00,电力II,5
2023-05-24 08:00:00,自动化设备II,6
2023-05-24 08:00:00,化学制药II,7
2023-05-24 08:00:00,服装家纺II,8
2023-05-24 08:00:00,化学制品II,9
2023-05-24 08:00:00,医疗器械II,10
2023-05-24 08:00:00,光学光电子II,11
2023-05-24 08:00:00,环境治理II,12
2023-05-24 08:00:00,计算机设备II,13
2023-05-24 08:00:00,中药II,14
2023-05-24 08:00:00,通信设备II,15
2023-05-24 08:00:00,家用轻工II,16
2023-05-24 08:00:00,风电设备II,17
2023-05-24 08:00:00,塑料II,18
2023-05-24 08:00:00,光伏设备II,19
2023-05-24 08:00:00,电子制造II,20
2023-05-24 08:00:00,包装印刷II,21
2023-05-24 08:00:00,IT服务II,22
2023-05-24 08:00:00,运输设备II,23
2023-05-24 08:00:00,电机II,24
2023-05-24 08:00:00,家电零部件II,25
2023-05-24 08:00:00,农化制品II,26
2023-05-24 08:00:00,其他电子II,27
2023-05-24 08:00:00,游戏II,28
2023-05-24 08:00:00,软件开发II,29
2023-05-24 08:00:00,物流II,30
2023-05-24 08:00:00,航空装备II,31
2023-05-24 08:00:00,环保设备II,32
2023-05-24 08:00:00,互联网电商II,33
2023-05-24 08:00:00,医疗服务II,34
2023-05-24 08:00:00,电子化学品II,35
2023-05-24 08:00:00,电池II,36
2023-05-24 08:00:00,工程咨询服务II,37
2023-05-24 08:00:00,装修装饰II,38
2023-05-24 08:00:00,船舶制造II,39
2023-05-24 08:00:00,基础建设II,40
2023-05-24 08:00:00,其他建材II,41
2023-05-24 08:00:00,Nan,42
2023-05-24 08:00:00,电源设备II,43
2023-05-24 08:00:00,休闲食品II,44
2023-05-24 08:00:00,化妆品II,45
2023-05-24 08:00:00,房地产开发II,46
2023-05-24 08:00:00,半导体II,47
2023-05-24 08:00:00,专业服务II,48
2023-05-24 08:00:00,化学纤维II,49
2023-05-24 08:00:00,生物制品II,50
2023-05-24 08:00:00,文娱用品II,51
2023-05-24 08:00:00,造纸II,52
2023-05-24 08:00:00,工程机械II,53
2023-05-24 08:00:00,个护用品II,54
2023-05-24 08:00:00,燃气II,55
2023-05-24 08:00:00,广告营销II,56
2023-05-24 08:00:00,铁路公路II,57
2023-05-24 08:00:00,医药商业II,58
2023-05-24 08:00:00,饮料乳品II,59
2023-05-24 08:00:00,纺织制造II,60
2023-05-24 08:00:00,工业金属II,61
2023-05-24 08:00:00,一般零售II,62
2023-05-24 08:00:00,元件II,63
2023-05-24 08:00:00,非白酒II,64
2023-05-24 08:00:00,金属非金属新材料II,65
2023-05-24 08:00:00,其他交运设备II,66
2023-05-24 08:00:00,教育II,67
2023-05-24 08:00:00,数字媒体II,68
2023-05-24 08:00:00,军工电子II,69
2023-05-24 08:00:00,特钢II,70
2023-05-24 08:00:00,白酒II,71
2023-05-24 08:00:00,炼化及贸易II,72
2023-05-24 08:00:00,普钢II,73
2023-05-24 08:00:00,农产品加工II,74
2023-05-24 08:00:00,多元金融II,75
2023-05-24 08:00:00,综合II,76
2023-05-24 08:00:00,冶钢原料II,77
2023-05-24 08:00:00,贸易II,78
2023-05-24 08:00:00,小家电II,79
2023-05-24 08:00:00,航天装备II,80
2023-05-24 08:00:00,照明设备II,81
2023-05-24 08:00:00,专业工程II,82
2023-05-24 08:00:00,饰品II,83
2023-05-24 08:00:00,渔业II,84
2023-05-24 08:00:00,橡胶II,85
2023-05-24 08:00:00,体育II,86
2023-05-24 08:00:00,调味发酵品II,87
2023-05-24 08:00:00,影视院线II,88
2023-05-24 08:00:00,油服工程II,89
2023-05-23 08:00:00,电网设备II,1
2023-05-23 08:00:00,汽车零部件II,2
2023-05-23 08:00:00,通用机械II,3
2023-05-23 08:00:00,化学制药II,4
2023-05-23 08:00:00,专用设备II,5
2023-05-23 08:00:00,电力II,6
2023-05-23 08:00:00,中药II,7
2023-05-23 08:00:00,服装家纺II,8
2023-05-23 08:00:00,自动化设备II,9
2023-05-23 08:00:00,医疗器械II,10
2023-05-23 08:00:00,化学制品II,11
2023-05-23 08:00:00,环境治理II,12
2023-05-23 08:00:00,家用轻工II,13
2023-05-23 08:00:00,通信设备II,14
2023-05-23 08:00:00,光学光电子II,15
2023-05-23 08:00:00,风电设备II,16
2023-05-23 08:00:00,生物制品II,17
2023-05-23 08:00:00,一般零售II,18
2023-05-23 08:00:00,医药商业II,19
2023-05-23 08:00:00,电机II,20
2023-05-23 08:00:00,航空装备II,21
2023-05-23 08:00:00,纺织制造II,22
2023-05-23 08:00:00,船舶制造II,23
2023-05-23 08:00:00,饮料乳品II,24
2023-05-23 08:00:00,燃气II,25
2023-05-23 08:00:00,环保设备II,26
2023-05-23 08:00:00,电源设备II,27
2023-05-23 08:00:00,计算机设备II,28
2023-05-23 08:00:00,物流II,29
2023-05-23 08:00:00,农化制品II,30
2023-05-23 08:00:00,运输设备II,31
2023-05-23 08:00:00,电子制造II,32
2023-05-23 08:00:00,个护用品II,33
2023-05-23 08:00:00,教育II,34
2023-05-23 08:00:00,休闲食品II,35
2023-05-23 08:00:00,医疗服务II,36
2023-05-23 08:00:00,光伏设备II,37
2023-05-23 08:00:00,IT服务II,38
2023-05-23 08:00:00,Nan,39
2023-05-23 08:00:00,小家电II,40
2023-05-23 08:00:00,装修装饰II,41
2023-05-23 08:00:00,农产品加工II,42
2023-05-23 08:00:00,其他建材II,43
2023-05-23 08:00:00,塑料II,44
2023-05-23 08:00:00,广告营销II,45
2023-05-23 08:00:00,铁路公路II,46
2023-05-23 08:00:00,其他电子II,47
2023-05-23 08:00:00,房地产开发II,48
2023-05-23 08:00:00,互联网电商II,49
2023-05-23 08:00:00,专业服务II,50
2023-05-23 08:00:00,专业工程II,51
2023-05-23 08:00:00,化妆品II,52
2023-05-23 08:00:00,军工电子II,53
2023-05-23 08:00:00,非白酒II,54
2023-05-23 08:00:00,基础建设II,55
2023-05-23 08:00:00,家电零部件II,56
2023-05-23 08:00:00,包装印刷II,57
2023-05-23 08:00:00,造纸II,58
2023-05-23 08:00:00,游戏II,59
2023-05-23 08:00:00,软件开发II,60
2023-05-23 08:00:00,特钢II,61
2023-05-23 08:00:00,航天装备II,62
2023-05-23 08:00:00,电池II,63
2023-05-23 08:00:00,工业金属II,64
2023-05-23 08:00:00,工程咨询服务II,65
2023-05-23 08:00:00,工程机械II,66
2023-05-23 08:00:00,专业零售II,67
2023-05-23 08:00:00,化学纤维II,68
2023-05-23 08:00:00,渔业II,69
2023-05-23 08:00:00,金属非金属新材料II,70
2023-05-23 08:00:00,通信运营II,71
2023-05-23 08:00:00,电子化学品II,72
2023-05-23 08:00:00,数字媒体II,73
2023-05-23 08:00:00,白酒II,74
2023-05-23 08:00:00,出版II,75
2023-05-23 08:00:00,半导体II,76
2023-05-23 08:00:00,种植业II,77
2023-05-23 08:00:00,普钢II,78
2023-05-23 08:00:00,食品加工II,79
2023-05-23 08:00:00,贸易II,80
2023-05-23 08:00:00,文娱用品II,81
2023-05-23 08:00:00,橡胶II,82
2023-05-23 08:00:00,照明设备II,83
2023-05-23 08:00:00,多元金融II,84
2023-05-23 08:00:00,调味发酵品II,85
2023-05-23 08:00:00,冶钢原料II,86
2023-05-23 08:00:00,商用车II,87
2023-05-23 08:00:00,地面兵装II,88
2023-05-23 08:00:00,乘用车II,89
2023-05-23 08:00:00,其他交运设备II,90
2023-05-23 08:00:00,白色家电II,91
2023-05-23 08:00:00,综合II,92
2023-05-23 08:00:00,畜禽养殖II,93
2023-05-23 08:00:00,保险II,94
2023-05-23 08:00:00,汽车服务II,95
2023-05-22 08:00:00,电网设备II,1
2023-05-22 08:00:00,电力II,2
2023-05-22 08:00:00,通用机械II,3
2023-05-22 08:00:00,汽车零部件II,4
2023-05-22 08:00:00,专用设备II,5
2023-05-22 08:00:00,化学制药II,6
2023-05-22 08:00:00,自动化设备II,7
2023-05-22 08:00:00,服装家纺II,8
2023-05-22 08:00:00,医疗器械II,9
2023-05-22 08:00:00,化学制品II,10
2023-05-22 08:00:00,环境治理II,11
2023-05-22 08:00:00,中药II,12
2023-05-22 08:00:00,通信设备II,13
2023-05-22 08:00:00,光学光电子II,14
2023-05-22 08:00:00,计算机设备II,15
2023-05-22 08:00:00,风电设备II,16
2023-05-22 08:00:00,家用轻工II,17
2023-05-22 08:00:00,饮料乳品II,18
2023-05-22 08:00:00,电子制造II,19
2023-05-22 08:00:00,纺织制造II,20
2023-05-22 08:00:00,物流II,21
2023-05-22 08:00:00,医药商业II,22
2023-05-22 08:00:00,一般零售II,23
2023-05-22 08:00:00,航空装备II,24
2023-05-22 08:00:00,燃气II,25
2023-05-22 08:00:00,IT服务II,26
2023-05-22 08:00:00,电机II,27
2023-05-22 08:00:00,生物制品II,28
2023-05-22 08:00:00,化妆品II,29
2023-05-22 08:00:00,软件开发II,30
2023-05-22 08:00:00,铁路公路II,31
2023-05-22 08:00:00,医疗服务II,32
2023-05-22 08:00:00,房地产开发II,33
2023-05-22 08:00:00,农化制品II,34
2023-05-22 08:00:00,基础建设II,35
2023-05-22 08:00:00,专业服务II,36
2023-05-22 08:00:00,运输设备II,37
2023-05-22 08:00:00,家电零部件II,38
2023-05-22 08:00:00,工程咨询服务II,39
2023-05-22 08:00:00,包装印刷II,40
2023-05-22 08:00:00,电池II,41
2023-05-22 08:00:00,农产品加工II,42
2023-05-22 08:00:00,个护用品II,43
2023-05-22 08:00:00,船舶制造II,44
2023-05-22 08:00:00,Nan,45
2023-05-22 08:00:00,特钢II,46
2023-05-22 08:00:00,白酒II,47
2023-05-22 08:00:00,白色家电II,48
2023-05-22 08:00:00,贸易II,49
2023-05-22 08:00:00,多元金融II,50
2023-05-22 08:00:00,其他建材II,51
2023-05-22 08:00:00,通信运营II,52
2023-05-22 08:00:00,电源设备II,53
2023-05-22 08:00:00,广告营销II,54
2023-05-22 08:00:00,游戏II,55
2023-05-22 08:00:00,教育II,56
2023-05-22 08:00:00,影视院线II,57
2023-05-22 08:00:00,商用车II,58
2023-05-22 08:00:00,电子化学品II,59
2023-05-22 08:00:00,专业工程II,60
2023-05-22 08:00:00,休闲食品II,61
2023-05-22 08:00:00,文娱用品II,62
2023-05-22 08:00:00,种植业II,63
2023-05-22 08:00:00,光伏设备II,64
2023-05-22 08:00:00,互联网电商II,65
2023-05-22 08:00:00,军工电子II,66
2023-05-22 08:00:00,航天装备II,67
2023-05-22 08:00:00,小家电II,68
2023-05-22 08:00:00,塑料II,69
2023-05-22 08:00:00,装修装饰II,70
2023-05-22 08:00:00,普钢II,71
2023-05-22 08:00:00,环保设备II,72
2023-05-22 08:00:00,非白酒II,73
2023-05-22 08:00:00,工程机械II,74
2023-05-22 08:00:00,视听器材II,75
2023-05-22 08:00:00,照明设备II,76
2023-05-22 08:00:00,食品加工II,77
2023-05-22 08:00:00,专业零售II,78
2023-05-22 08:00:00,橡胶II,79
2023-05-22 08:00:00,化学纤维II,80
2023-05-22 08:00:00,其他交运设备II,81
2023-05-22 08:00:00,数字媒体II,82
2023-05-22 08:00:00,出版II,83
2023-05-22 08:00:00,其他电子II,84
2023-05-22 08:00:00,地面兵装II,85
2023-05-22 08:00:00,保险II,86
2023-05-22 08:00:00,造纸II,87
2023-05-22 08:00:00,渔业II,88
2023-05-22 08:00:00,半导体II,89
2023-05-22 08:00:00,冶钢原料II,90
2023-05-22 08:00:00,饰品II,91
2023-05-22 08:00:00,城商行II,92
2023-05-22 08:00:00,工业金属II,93
2023-05-22 08:00:00,体育II,94
2023-05-22 08:00:00,煤炭开采II,95
2023-05-22 08:00:00,调味发酵品II,96
2023-05-22 08:00:00,综合II,97
2023-05-19 08:00:00,电网设备II,1
2023-05-19 08:00:00,通用机械II,2
2023-05-19 08:00:00,专用设备II,3
2023-05-19 08:00:00,汽车零部件II,4
2023-05-19 08:00:00,自动化设备II,5
2023-05-19 08:00:00,服装家纺II,6
2023-05-19 08:00:00,化学制药II,7
2023-05-19 08:00:00,中药II,8
2023-05-19 08:00:00,电力II,9
2023-05-19 08:00:00,医疗器械II,10
2023-05-19 08:00:00,环境治理II,11
2023-05-19 08:00:00,化学制品II,12
2023-05-19 08:00:00,计算机设备II,13
2023-05-19 08:00:00,通信设备II,14
2023-05-19 08:00:00,光学光电子II,15
2023-05-19 08:00:00,IT服务II,16
2023-05-19 08:00:00,航空装备II,17
2023-05-19 08:00:00,电子制造II,18
2023-05-19 08:00:00,风电设备II,19
2023-05-19 08:00:00,医药商业II,20
2023-05-19 08:00:00,家用轻工II,21
2023-05-19 08:00:00,船舶制造II,22
2023-05-19 08:00:00,纺织制造II,23
2023-05-19 08:00:00,包装印刷II,24
2023-05-19 08:00:00,软件开发II,25
2023-05-19 08:00:00,文娱用品II,26
2023-05-19 08:00:00,一般零售II,27
2023-05-19 08:00:00,燃气II,28
2023-05-19 08:00:00,电源设备II,29
2023-05-19 08:00:00,游戏II,30
2023-05-19 08:00:00,铁路公路II,31
2023-05-19 08:00:00,教育II,32
2023-05-19 08:00:00,互联网电商II,33
2023-05-19 08:00:00,电机II,34
2023-05-19 08:00:00,工程咨询服务II,35
2023-05-19 08:00:00,半导体II,36
2023-05-19 08:00:00,多元金融II,37
2023-05-19 08:00:00,其他建材II,38
2023-05-19 08:00:00,家电零部件II,39
2023-05-19 08:00:00,煤炭开采II,40
2023-05-19 08:00:00,通信运营II,41
2023-05-19 08:00:00,广告营销II,42
2023-05-19 08:00:00,房地产开发II,43
2023-05-19 08:00:00,农化制品II,44
2023-05-19 08:00:00,塑料II,45
2023-05-19 08:00:00,饮料乳品II,46
2023-05-19 08:00:00,贸易II,47
2023-05-19 08:00:00,城商行II,48
2023-05-19 08:00:00,电池II,49
2023-05-19 08:00:00,电子化学品II,50
2023-05-19 08:00:00,基础建设II,51
2023-05-19 08:00:00,专业工程II,52
2023-05-19 08:00:00,Nan,53
2023-05-19 08:00:00,白色家电II,54
2023-05-19 08:00:00,专业服务II,55
2023-05-19 08:00:00,休闲食品II,56
2023-05-19 08:00:00,特钢II,57
2023-05-19 08:00:00,国有大型银行II,58
2023-05-19 08:00:00,军工电子II,59
2023-05-19 08:00:00,运输设备II,60
2023-05-19 08:00:00,造纸II,61
2023-05-19 08:00:00,其他电子II,62
2023-05-19 08:00:00,出版II,63
2023-05-19 08:00:00,影视院线II,64
2023-05-19 08:00:00,商用车II,65
2023-05-19 08:00:00,化妆品II,66
2023-05-19 08:00:00,光伏设备II,67
2023-05-19 08:00:00,体育II,68
2023-05-19 08:00:00,地面兵装II,69
2023-05-19 08:00:00,小家电II,70
2023-05-19 08:00:00,航天装备II,71
2023-05-19 08:00:00,股份制银行II,72
2023-05-19 08:00:00,普钢II,73
2023-05-19 08:00:00,装修装饰II,74
2023-05-19 08:00:00,视听器材II,75
2023-05-19 08:00:00,非白酒II,76
2023-05-19 08:00:00,橡胶II,77
2023-05-19 08:00:00,汽车服务II,78
2023-05-19 08:00:00,物流II,79
2023-05-19 08:00:00,照明设备II,80
2023-05-19 08:00:00,综合II,81
2023-05-19 08:00:00,个护用品II,82
2023-05-19 08:00:00,其他交运设备II,83
2023-05-19 08:00:00,种植业II,84
2023-05-19 08:00:00,数字媒体II,85
2023-05-19 08:00:00,白酒II,86
2023-05-19 08:00:00,炼化及贸易II,87
2023-05-19 08:00:00,保险II,88
2023-05-19 08:00:00,环保设备II,89
2023-05-19 08:00:00,食品加工II,90
2023-05-19 08:00:00,冶钢原料II,91
2023-05-19 08:00:00,医疗服务II,92
2023-05-19 08:00:00,农商行II,93
2023-05-19 08:00:00,渔业II,94
2023-05-19 08:00:00,生物制品II,95
2023-05-19 08:00:00,专业零售II,96
2023-05-19 08:00:00,工程机械II,97
2023-05-19 08:00:00,工业金属II,98
2023-05-19 08:00:00,化学纤维II,99
2023-05-19 08:00:00,元件II,100
2023-05-19 08:00:00,金属非金属新材料II,101
2023-05-18 08:00:00,电网设备II,1
2023-05-18 08:00:00,通用机械II,2
2023-05-18 08:00:00,电力II,3
2023-05-18 08:00:00,汽车零部件II,4
2023-05-18 08:00:00,服装家纺II,5
2023-05-18 08:00:00,专用设备II,6
2023-05-18 08:00:00,环境治理II,7
2023-05-18 08:00:00,自动化设备II,8
2023-05-18 08:00:00,通信设备II,9
2023-05-18 08:00:00,化学制品II,10
2023-05-18 08:00:00,一般零售II,11
2023-05-18 08:00:00,医疗器械II,12
2023-05-18 08:00:00,计算机设备II,13
2023-05-18 08:00:00,铁路公路II,14
2023-05-18 08:00:00,化学制药II,15
2023-05-18 08:00:00,房地产开发II,16
2023-05-18 08:00:00,船舶制造II,17
2023-05-18 08:00:00,煤炭开采II,18
2023-05-18 08:00:00,IT服务II,19
2023-05-18 08:00:00,电机II,20
2023-05-18 08:00:00,风电设备II,21
2023-05-18 08:00:00,电子制造II,22
2023-05-18 08:00:00,城商行II,23
2023-05-18 08:00:00,航空装备II,24
2023-05-18 08:00:00,教育II,25
2023-05-18 08:00:00,家用轻工II,26
2023-05-18 08:00:00,文娱用品II,27
2023-05-18 08:00:00,多元金融II,28
2023-05-18 08:00:00,纺织制造II,29
2023-05-18 08:00:00,燃气II,30
2023-05-18 08:00:00,互联网电商II,31
2023-05-18 08:00:00,电源设备II,32
2023-05-18 08:00:00,软件开发II,33
2023-05-18 08:00:00,光学光电子II,34
2023-05-18 08:00:00,中药II,35
2023-05-18 08:00:00,包装印刷II,36
2023-05-18 08:00:00,工程咨询服务II,37
2023-05-18 08:00:00,饮料乳品II,38
2023-05-18 08:00:00,股份制银行II,39
2023-05-18 08:00:00,国有大型银行II,40
2023-05-18 08:00:00,通信运营II,41
2023-05-18 08:00:00,游戏II,42
2023-05-18 08:00:00,基础建设II,43
2023-05-18 08:00:00,医药商业II,44
2023-05-18 08:00:00,贸易II,45
2023-05-18 08:00:00,证券II,46
2023-05-18 08:00:00,塑料II,47
2023-05-18 08:00:00,运输设备II,48
2023-05-18 08:00:00,家电零部件II,49
2023-05-18 08:00:00,其他建材II,50
2023-05-18 08:00:00,物流II,51
2023-05-18 08:00:00,广告营销II,52
2023-05-18 08:00:00,地面兵装II,53
2023-05-18 08:00:00,专业工程II,54
2023-05-18 08:00:00,装修装饰II,55
2023-05-18 08:00:00,个护用品II,56
2023-05-18 08:00:00,电池II,57
2023-05-18 08:00:00,出版II,58
2023-05-18 08:00:00,影视院线II,59
2023-05-18 08:00:00,商用车II,60
2023-05-18 08:00:00,航运港口II,61
2023-05-18 08:00:00,农化制品II,62
2023-05-18 08:00:00,半导体II,63
2023-05-18 08:00:00,保险II,64
2023-05-18 08:00:00,航天装备II,65
2023-05-18 08:00:00,休闲食品II,66
2023-05-18 08:00:00,普钢II,67
2023-05-18 08:00:00,照明设备II,68
2023-05-18 08:00:00,视听器材II,69
2023-05-18 08:00:00,特钢II,70
2023-05-18 08:00:00,农商行II,71
2023-05-18 08:00:00,专业零售II,72
2023-05-18 08:00:00,炼化及贸易II,73
2023-05-18 08:00:00,光伏设备II,74
2023-05-18 08:00:00,军工电子II,75
2023-05-18 08:00:00,汽车服务II,76
2023-05-18 08:00:00,橡胶II,77
2023-05-18 08:00:00,造纸II,78
2023-05-18 08:00:00,综合II,79
2023-05-18 08:00:00,专业服务II,80
2023-05-18 08:00:00,其他交运设备II,81
2023-05-18 08:00:00,工程机械II,82
2023-05-18 08:00:00,数字媒体II,83
2023-05-18 08:00:00,其他电子II,84
2023-05-18 08:00:00,体育II,85
2023-05-18 08:00:00,水泥制造II,86
2023-05-18 08:00:00,Nan,87
2023-05-18 08:00:00,种植业II,88
2023-05-18 08:00:00,白色家电II,89
2023-05-18 08:00:00,小家电II,90
2023-05-18 08:00:00,冶钢原料II,91
2023-05-18 08:00:00,环保设备II,92
2023-05-18 08:00:00,化妆品II,93
2023-05-18 08:00:00,白酒II,94
2023-05-18 08:00:00,食品加工II,95
2023-05-18 08:00:00,生物制品II,96
2023-05-18 08:00:00,电子化学品II,97
2023-05-18 08:00:00,化学纤维II,98
2023-05-18 08:00:00,稀有金属II,99
2023-05-18 08:00:00,渔业II,100
2023-05-17 08:00:00,电网设备II,1
2023-05-17 08:00:00,通用机械II,2
2023-05-17 08:00:00,电力II,3
2023-05-17 08:00:00,服装家纺II,4
2023-05-17 08:00:00,环境治理II,5
2023-05-17 08:00:00,汽车零部件II,6
2023-05-17 08:00:00,专用设备II,7
2023-05-17 08:00:00,铁路公路II,8
2023-05-17 08:00:00,一般零售II,9
2023-05-17 08:00:00,化学制品II,10
2023-05-17 08:00:00,自动化设备II,11
2023-05-17 08:00:00,煤炭开采II,12
2023-05-17 08:00:00,中药II,13
2023-05-17 08:00:00,多元金融II,14
2023-05-17 08:00:00,医疗器械II,15
2023-05-17 08:00:00,化学制药II,16
2023-05-17 08:00:00,风电设备II,17
2023-05-17 08:00:00,船舶制造II,18
2023-05-17 08:00:00,房地产开发II,19
2023-05-17 08:00:00,航空装备II,20
2023-05-17 08:00:00,纺织制造II,21
2023-05-17 08:00:00,证券II,22
2023-05-17 08:00:00,城商行II,23
2023-05-17 08:00:00,出版II,24
2023-05-17 08:00:00,燃气II,25
2023-05-17 08:00:00,教育II,26
2023-05-17 08:00:00,光学光电子II,27
2023-05-17 08:00:00,家用轻工II,28
2023-05-17 08:00:00,保险II,29
2023-05-17 08:00:00,计算机设备II,30
2023-05-17 08:00:00,工程咨询服务II,31
2023-05-17 08:00:00,饮料乳品II,32
2023-05-17 08:00:00,休闲食品II,33
2023-05-17 08:00:00,医药商业II,34
2023-05-17 08:00:00,运输设备II,35
2023-05-17 08:00:00,电机II,36
2023-05-17 08:00:00,物流II,37
2023-05-17 08:00:00,电源设备II,38
2023-05-17 08:00:00,包装印刷II,39
2023-05-17 08:00:00,专业工程II,40
2023-05-17 08:00:00,航运港口II,41
2023-05-17 08:00:00,农化制品II,42
2023-05-17 08:00:00,股份制银行II,43
2023-05-17 08:00:00,国有大型银行II,44
2023-05-17 08:00:00,基础建设II,45
2023-05-17 08:00:00,塑料II,46
2023-05-17 08:00:00,通信设备II,47
2023-05-17 08:00:00,通信运营II,48
2023-05-17 08:00:00,互联网电商II,49
2023-05-17 08:00:00,IT服务II,50
2023-05-17 08:00:00,文娱用品II,51
2023-05-17 08:00:00,专业服务II,52
2023-05-17 08:00:00,其他建材II,53
2023-05-17 08:00:00,装修装饰II,54
2023-05-17 08:00:00,汽车服务II,55
2023-05-17 08:00:00,个护用品II,56
2023-05-17 08:00:00,家电零部件II,57
2023-05-17 08:00:00,影视院线II,58
2023-05-17 08:00:00,软件开发II,59
2023-05-17 08:00:00,商用车II,60
2023-05-17 08:00:00,地面兵装II,61
2023-05-17 08:00:00,广告营销II,62
2023-05-17 08:00:00,化妆品II,63
2023-05-17 08:00:00,航天装备II,64
2023-05-17 08:00:00,贸易II,65
2023-05-17 08:00:00,造纸II,66
2023-05-17 08:00:00,普钢II,67
2023-05-17 08:00:00,橡胶II,68
2023-05-17 08:00:00,电池II,69
2023-05-17 08:00:00,电子制造II,70
2023-05-17 08:00:00,医疗服务II,71
2023-05-17 08:00:00,数字媒体II,72
2023-05-17 08:00:00,游戏II,73
2023-05-17 08:00:00,Nan,74
2023-05-17 08:00:00,其他电子II,75
2023-05-17 08:00:00,渔业II,76
2023-05-17 08:00:00,光伏设备II,77
2023-05-17 08:00:00,工程机械II,78
2023-05-17 08:00:00,环保设备II,79
2023-05-17 08:00:00,非白酒II,80
2023-05-17 08:00:00,农商行II,81
2023-05-17 08:00:00,综合II,82
2023-05-17 08:00:00,照明设备II,83
2023-05-17 08:00:00,化学纤维II,84
2023-05-17 08:00:00,其他交运设备II,85
2023-05-17 08:00:00,航空机场II,86
2023-05-17 08:00:00,种植业II,87
2023-05-17 08:00:00,水泥制造II,88
2023-05-17 08:00:00,小家电II,89
2023-05-17 08:00:00,体育II,90
2023-05-17 08:00:00,炼化及贸易II,91
2023-05-17 08:00:00,白酒II,92
2023-05-17 08:00:00,冶钢原料II,93
2023-05-17 08:00:00,视听器材II,94
2023-05-17 08:00:00,工业金属II,95
2023-05-17 08:00:00,食品加工II,96
2023-05-17 08:00:00,生物制品II,97
2023-05-17 08:00:00,电子化学品II,98
2023-05-17 08:00:00,厨卫电器II,99
2023-05-17 08:00:00,稀有金属II,100
2023-05-17 08:00:00,调味发酵品II,101
2023-05-17 08:00:00,军工电子II,102
2023-05-17 08:00:00,饲料II,103
2023-05-17 08:00:00,乘用车II,104
2023-05-17 08:00:00,特钢II,105
2023-05-17 08:00:00,饰品II,106
2023-05-17 08:00:00,农产品加工II,107
2023-05-16 08:00:00,电网设备II,1
2023-05-16 08:00:00,电力II,2
2023-05-16 08:00:00,服装家纺II,3
2023-05-16 08:00:00,通用机械II,4
2023-05-16 08:00:00,汽车零部件II,5
2023-05-16 08:00:00,环境治理II,6
2023-05-16 08:00:00,铁路公路II,7
2023-05-16 08:00:00,专用设备II,8
2023-05-16 08:00:00,化学制药II,9
2023-05-16 08:00:00,化学制品II,10
2023-05-16 08:00:00,一般零售II,11
2023-05-16 08:00:00,多元金融II,12
2023-05-16 08:00:00,医疗器械II,13
2023-05-16 08:00:00,中药II,14
2023-05-16 08:00:00,煤炭开采II,15
2023-05-16 08:00:00,出版II,16
2023-05-16 08:00:00,城商行II,17
2023-05-16 08:00:00,燃气II,18
2023-05-16 08:00:00,风电设备II,19
2023-05-16 08:00:00,证券II,20
2023-05-16 08:00:00,自动化设备II,21
2023-05-16 08:00:00,船舶制造II,22
2023-05-16 08:00:00,教育II,23
2023-05-16 08:00:00,航运港口II,24
2023-05-16 08:00:00,房地产开发II,25
2023-05-16 08:00:00,电源设备II,26
2023-05-16 08:00:00,专业工程II,27
2023-05-16 08:00:00,饮料乳品II,28
2023-05-16 08:00:00,工程咨询服务II,29
2023-05-16 08:00:00,电池II,30
2023-05-16 08:00:00,光学光电子II,31
2023-05-16 08:00:00,农化制品II,32
2023-05-16 08:00:00,保险II,33
2023-05-16 08:00:00,股份制银行II,34
2023-05-16 08:00:00,纺织制造II,35
2023-05-16 08:00:00,其他建材II,36
2023-05-16 08:00:00,通信设备II,37
2023-05-16 08:00:00,影视院线II,38
2023-05-16 08:00:00,软件开发II,39
2023-05-16 08:00:00,广告营销II,40
2023-05-16 08:00:00,运输设备II,41
2023-05-16 08:00:00,医药商业II,42
2023-05-16 08:00:00,国有大型银行II,43
2023-05-16 08:00:00,游戏II,44
2023-05-16 08:00:00,休闲食品II,45
2023-05-16 08:00:00,汽车服务II,46
2023-05-16 08:00:00,半导体II,47
2023-05-16 08:00:00,电机II,48
2023-05-16 08:00:00,计算机设备II,49
2023-05-16 08:00:00,物流II,50
2023-05-16 08:00:00,医疗服务II,51
2023-05-16 08:00:00,包装印刷II,52
2023-05-16 08:00:00,家用轻工II,53
2023-05-16 08:00:00,文娱用品II,54
2023-05-16 08:00:00,农商行II,55
2023-05-16 08:00:00,装修装饰II,56
2023-05-16 08:00:00,塑料II,57
2023-05-16 08:00:00,通信运营II,58
2023-05-16 08:00:00,电子制造II,59
2023-05-16 08:00:00,基础建设II,60
2023-05-16 08:00:00,贸易II,61
2023-05-16 08:00:00,特钢II,62
2023-05-16 08:00:00,专业服务II,63
2023-05-16 08:00:00,航空装备II,64
2023-05-16 08:00:00,个护用品II,65
2023-05-16 08:00:00,橡胶II,66
2023-05-16 08:00:00,化妆品II,67
2023-05-16 08:00:00,照明设备II,68
2023-05-16 08:00:00,家电零部件II,69
2023-05-16 08:00:00,IT服务II,70
2023-05-16 08:00:00,互联网电商II,71
2023-05-16 08:00:00,商用车II,72
2023-05-16 08:00:00,Nan,73
2023-05-16 08:00:00,地面兵装II,74
2023-05-16 08:00:00,光伏设备II,75
2023-05-16 08:00:00,小家电II,76
2023-05-16 08:00:00,综合II,77
2023-05-16 08:00:00,普钢II,78
2023-05-16 08:00:00,生物制品II,79
2023-05-16 08:00:00,渔业II,80
2023-05-16 08:00:00,工业金属II,81
2023-05-16 08:00:00,造纸II,82
2023-05-16 08:00:00,非白酒II,83
2023-05-16 08:00:00,炼化及贸易II,84
2023-05-16 08:00:00,视听器材II,85
2023-05-16 08:00:00,数字媒体II,86
2023-05-16 08:00:00,饰品II,87
2023-05-16 08:00:00,能源金属II,88
2023-05-16 08:00:00,其他交运设备II,89
2023-05-16 08:00:00,化学纤维II,90
2023-05-16 08:00:00,航天装备II,91
2023-05-16 08:00:00,稀有金属II,92
2023-05-16 08:00:00,工程机械II,93
2023-05-16 08:00:00,体育II,94
2023-05-16 08:00:00,环保设备II,95
2023-05-16 08:00:00,水泥制造II,96
2023-05-16 08:00:00,专业零售II,97
2023-05-16 08:00:00,冶钢原料II,98
2023-05-16 08:00:00,化学原料II,99
2023-05-16 08:00:00,食品加工II,100
2023-05-16 08:00:00,饲料II,101
2023-05-16 08:00:00,航空机场II,102
2023-05-16 08:00:00,乘用车II,103
2023-05-16 08:00:00,白酒II,104
2023-05-16 08:00:00,电子化学品II,105
2023-05-16 08:00:00,农业综合II,106
2023-05-16 08:00:00,军工电子II,107
2023-05-16 08:00:00,种植业II,108
2023-05-15 08:00:00,电力II,1
2023-05-15 08:00:00,电网设备II,2
2023-05-15 08:00:00,服装家纺II,3
2023-05-15 08:00:00,环境治理II,4
2023-05-15 08:00:00,铁路公路II,5
2023-05-15 08:00:00,通用机械II,6
2023-05-15 08:00:00,汽车零部件II,7
2023-05-15 08:00:00,一般零售II,8
2023-05-15 08:00:00,出版II,9
2023-05-15 08:00:00,化学制品II,10
2023-05-15 08:00:00,化学制药II,11
2023-05-15 08:00:00,房地产开发II,12
2023-05-15 08:00:00,中药II,13
2023-05-15 08:00:00,煤炭开采II,14
2023-05-15 08:00:00,医疗器械II,15
2023-05-15 08:00:00,专用设备II,16
2023-05-15 08:00:00,城商行II,17
2023-05-15 08:00:00,教育II,18
2023-05-15 08:00:00,多元金融II,19
2023-05-15 08:00:00,工程咨询服务II,20
2023-05-15 08:00:00,燃气II,21
2023-05-15 08:00:00,航运港口II,22
2023-05-15 08:00:00,证券II,23
2023-05-15 08:00:00,船舶制造II,24
2023-05-15 08:00:00,软件开发II,25
2023-05-15 08:00:00,专业工程II,26
2023-05-15 08:00:00,游戏II,27
2023-05-15 08:00:00,医药商业II,28
2023-05-15 08:00:00,风电设备II,29
2023-05-15 08:00:00,其他建材II,30
2023-05-15 08:00:00,纺织制造II,31
2023-05-15 08:00:00,饮料乳品II,32
2023-05-15 08:00:00,家用轻工II,33
2023-05-15 08:00:00,电池II,34
2023-05-15 08:00:00,装修装饰II,35
2023-05-15 08:00:00,农商行II,36
2023-05-15 08:00:00,通信设备II,37
2023-05-15 08:00:00,影视院线II,38
2023-05-15 08:00:00,商用车II,39
2023-05-15 08:00:00,电源设备II,40
2023-05-15 08:00:00,保险II,41
2023-05-15 08:00:00,农化制品II,42
2023-05-15 08:00:00,股份制银行II,43
2023-05-15 08:00:00,国有大型银行II,44
2023-05-15 08:00:00,基础建设II,45
2023-05-15 08:00:00,物流II,46
2023-05-15 08:00:00,包装印刷II,47
2023-05-15 08:00:00,医疗服务II,48
2023-05-15 08:00:00,光学光电子II,49
2023-05-15 08:00:00,运输设备II,50
2023-05-15 08:00:00,自动化设备II,51
2023-05-15 08:00:00,广告营销II,52
2023-05-15 08:00:00,汽车服务II,53
2023-05-15 08:00:00,化妆品II,54
2023-05-15 08:00:00,休闲食品II,55
2023-05-15 08:00:00,普钢II,56
2023-05-15 08:00:00,航空装备II,57
2023-05-15 08:00:00,塑料II,58
2023-05-15 08:00:00,计算机设备II,59
2023-05-15 08:00:00,IT服务II,60
2023-05-15 08:00:00,互联网电商II,61
2023-05-15 08:00:00,Nan,62
2023-05-15 08:00:00,贸易II,63
2023-05-15 08:00:00,文娱用品II,64
2023-05-15 08:00:00,乘用车II,65
2023-05-15 08:00:00,个护用品II,66
2023-05-15 08:00:00,通信运营II,67
2023-05-15 08:00:00,地面兵装II,68
2023-05-15 08:00:00,光伏设备II,69
2023-05-15 08:00:00,半导体II,70
2023-05-15 08:00:00,数字媒体II,71
2023-05-15 08:00:00,渔业II,72
2023-05-15 08:00:00,小家电II,73
2023-05-15 08:00:00,环保设备II,74
2023-05-15 08:00:00,专业服务II,75
2023-05-15 08:00:00,综合II,76
2023-05-15 08:00:00,非白酒II,77
2023-05-15 08:00:00,视听器材II,78
2023-05-15 08:00:00,橡胶II,79
2023-05-15 08:00:00,调味发酵品II,80
2023-05-15 08:00:00,饰品II,81
2023-05-15 08:00:00,旅游及景区II,82
2023-05-15 08:00:00,化学原料II,83
2023-05-15 08:00:00,军工电子II,84
2023-05-15 08:00:00,照明设备II,85
2023-05-15 08:00:00,其他交运设备II,86
2023-05-15 08:00:00,电子制造II,87
2023-05-15 08:00:00,航天装备II,88
2023-05-15 08:00:00,体育II,89
2023-05-15 08:00:00,稀有金属II,90
2023-05-15 08:00:00,水泥制造II,91
2023-05-15 08:00:00,工程机械II,92
2023-05-15 08:00:00,炼化及贸易II,93
2023-05-15 08:00:00,航空机场II,94
2023-05-15 08:00:00,白酒II,95
2023-05-15 08:00:00,食品加工II,96
2023-05-15 08:00:00,白色家电II,97
2023-05-15 08:00:00,造纸II,98
2023-05-15 08:00:00,油服工程II,99
2023-05-15 08:00:00,冶钢原料II,100
2023-05-15 08:00:00,专业零售II,101
2023-05-15 08:00:00,工业金属II,102
2023-05-15 08:00:00,农业综合II,103
2023-05-15 08:00:00,电视广播II,104
2023-05-15 08:00:00,电机II,105
2023-05-15 08:00:00,化学纤维II,106
2023-05-15 08:00:00,能源金属II,107
2023-05-15 08:00:00,家电零部件II,108
2023-05-15 08:00:00,特钢II,109
2023-05-15 08:00:00,油气开采II,110
2023-05-15 08:00:00,种植业II,111
2023-05-12 08:00:00,电力II,1
2023-05-12 08:00:00,环境治理II,2
2023-05-12 08:00:00,服装家纺II,3
2023-05-12 08:00:00,铁路公路II,4
2023-05-12 08:00:00,通用机械II,5
2023-05-12 08:00:00,一般零售II,6
2023-05-12 08:00:00,出版II,7
2023-05-12 08:00:00,电网设备II,8
2023-05-12 08:00:00,房地产开发II,9
2023-05-12 08:00:00,汽车零部件II,10
2023-05-12 08:00:00,化学制药II,11
2023-05-12 08:00:00,中药II,12
2023-05-12 08:00:00,煤炭开采II,13
2023-05-12 08:00:00,软件开发II,14
2023-05-12 08:00:00,工程咨询服务II,15
2023-05-12 08:00:00,航运港口II,16
2023-05-12 08:00:00,多元金融II,17
2023-05-12 08:00:00,专用设备II,18
2023-05-12 08:00:00,化学制品II,19
2023-05-12 08:00:00,城商行II,20
2023-05-12 08:00:00,影视院线II,21
2023-05-12 08:00:00,教育II,22
2023-05-12 08:00:00,纺织制造II,23
2023-05-12 08:00:00,医疗器械II,24
2023-05-12 08:00:00,游戏II,25
2023-05-12 08:00:00,广告营销II,26
2023-05-12 08:00:00,燃气II,27
2023-05-12 08:00:00,医药商业II,28
2023-05-12 08:00:00,计算机设备II,29
2023-05-12 08:00:00,专业工程II,30
2023-05-12 08:00:00,家用轻工II,31
2023-05-12 08:00:00,自动化设备II,32
2023-05-12 08:00:00,证券II,33
2023-05-12 08:00:00,IT服务II,34
2023-05-12 08:00:00,基础建设II,35
2023-05-12 08:00:00,农商行II,36
2023-05-12 08:00:00,通信设备II,37
2023-05-12 08:00:00,其他建材II,38
2023-05-12 08:00:00,股份制银行II,39
2023-05-12 08:00:00,保险II,40
2023-05-12 08:00:00,光学光电子II,41
2023-05-12 08:00:00,饮料乳品II,42
2023-05-12 08:00:00,物流II,43
2023-05-12 08:00:00,普钢II,44
2023-05-12 08:00:00,船舶制造II,45
2023-05-12 08:00:00,商用车II,46
2023-05-12 08:00:00,数字媒体II,47
2023-05-12 08:00:00,医疗服务II,48
2023-05-12 08:00:00,国有大型银行II,49
2023-05-12 08:00:00,运输设备II,50
2023-05-12 08:00:00,农化制品II,51
2023-05-12 08:00:00,装修装饰II,52
2023-05-12 08:00:00,文娱用品II,53
2023-05-12 08:00:00,包装印刷II,54
2023-05-12 08:00:00,电源设备II,55
2023-05-12 08:00:00,汽车服务II,56
2023-05-12 08:00:00,休闲食品II,57
2023-05-12 08:00:00,塑料II,58
2023-05-12 08:00:00,通信运营II,59
2023-05-12 08:00:00,互联网电商II,60
2023-05-12 08:00:00,电子制造II,61
2023-05-12 08:00:00,贸易II,62
2023-05-12 08:00:00,特钢II,63
2023-05-12 08:00:00,风电设备II,64
2023-05-12 08:00:00,专业服务II,65
2023-05-12 08:00:00,饰品II,66
2023-05-12 08:00:00,非白酒II,67
2023-05-12 08:00:00,焦炭II,68
2023-05-12 08:00:00,电子化学品II,69
2023-05-12 08:00:00,Nan,70
2023-05-12 08:00:00,体育II,71
2023-05-12 08:00:00,水泥制造II,72
2023-05-12 08:00:00,化妆品II,73
2023-05-12 08:00:00,渔业II,74
2023-05-12 08:00:00,光伏设备II,75
2023-05-12 08:00:00,地面兵装II,76
2023-05-12 08:00:00,电视广播II,77
2023-05-12 08:00:00,专业零售II,78
2023-05-12 08:00:00,综合II,79
2023-05-12 08:00:00,航空装备II,80
2023-05-12 08:00:00,化学原料II,81
2023-05-12 08:00:00,个护用品II,82
2023-05-12 08:00:00,橡胶II,83
2023-05-12 08:00:00,照明设备II,84
2023-05-12 08:00:00,化学纤维II,85
2023-05-12 08:00:00,航天装备II,86
2023-05-12 08:00:00,其他电子II,87
2023-05-12 08:00:00,种植业II,88
2023-05-12 08:00:00,工程机械II,89
2023-05-12 08:00:00,环保设备II,90
2023-05-12 08:00:00,小家电II,91
2023-05-12 08:00:00,旅游及景区II,92
2023-05-12 08:00:00,炼化及贸易II,93
2023-05-12 08:00:00,冶钢原料II,94
2023-05-12 08:00:00,航空机场II,95
2023-05-12 08:00:00,食品加工II,96
2023-05-12 08:00:00,半导体II,97
2023-05-12 08:00:00,白酒II,98
2023-05-12 08:00:00,工业金属II,99
2023-05-12 08:00:00,电池II,100
2023-05-12 08:00:00,电机II,101
2023-05-12 08:00:00,调味发酵品II,102
2023-05-12 08:00:00,农业综合II,103
2023-05-12 08:00:00,稀有金属II,104
2023-05-12 08:00:00,视听器材II,105
2023-05-12 08:00:00,其他交运设备II,106
2023-05-12 08:00:00,生物制品II,107
2023-05-12 08:00:00,造纸II,108
2023-05-11 08:00:00,环境治理II,1
2023-05-11 08:00:00,电力II,2
2023-05-11 08:00:00,出版II,3
2023-05-11 08:00:00,服装家纺II,4
2023-05-11 08:00:00,铁路公路II,5
2023-05-11 08:00:00,电网设备II,6
2023-05-11 08:00:00,房地产开发II,7
2023-05-11 08:00:00,影视院线II,8
2023-05-11 08:00:00,一般零售II,9
2023-05-11 08:00:00,通用机械II,10
2023-05-11 08:00:00,工程咨询服务II,11
2023-05-11 08:00:00,游戏II,12
2023-05-11 08:00:00,广告营销II,13
2023-05-11 08:00:00,软件开发II,14
2023-05-11 08:00:00,化学制品II,15
2023-05-11 08:00:00,汽车零部件II,16
2023-05-11 08:00:00,煤炭开采II,17
2023-05-11 08:00:00,化学制药II,18
2023-05-11 08:00:00,航运港口II,19
2023-05-11 08:00:00,城商行II,20
2023-05-11 08:00:00,教育II,21
2023-05-11 08:00:00,计算机设备II,22
2023-05-11 08:00:00,多元金融II,23
2023-05-11 08:00:00,IT服务II,24
2023-05-11 08:00:00,基础建设II,25
2023-05-11 08:00:00,专用设备II,26
2023-05-11 08:00:00,医疗器械II,27
2023-05-11 08:00:00,证券II,28
2023-05-11 08:00:00,中药II,29
2023-05-11 08:00:00,电视广播II,30
2023-05-11 08:00:00,装修装饰II,31
2023-05-11 08:00:00,通信设备II,32
2023-05-11 08:00:00,其他建材II,33
2023-05-11 08:00:00,家用轻工II,34
2023-05-11 08:00:00,普钢II,35
2023-05-11 08:00:00,医药商业II,36
2023-05-11 08:00:00,数字媒体II,37
2023-05-11 08:00:00,纺织制造II,38
2023-05-11 08:00:00,燃气II,39
2023-05-11 08:00:00,运输设备II,40
2023-05-11 08:00:00,专业工程II,41
2023-05-11 08:00:00,股份制银行II,42
2023-05-11 08:00:00,国有大型银行II,43
2023-05-11 08:00:00,饮料乳品II,44
2023-05-11 08:00:00,互联网电商II,45
2023-05-11 08:00:00,通信运营II,46
2023-05-11 08:00:00,商用车II,47
2023-05-11 08:00:00,电源设备II,48
2023-05-11 08:00:00,电子制造II,49
2023-05-11 08:00:00,包装印刷II,50
2023-05-11 08:00:00,医疗服务II,51
2023-05-11 08:00:00,保险II,52
2023-05-11 08:00:00,光学光电子II,53
2023-05-11 08:00:00,物流II,54
2023-05-11 08:00:00,自动化设备II,55
2023-05-11 08:00:00,农商行II,56
2023-05-11 08:00:00,船舶制造II,57
2023-05-11 08:00:00,化妆品II,58
2023-05-11 08:00:00,贸易II,59
2023-05-11 08:00:00,汽车服务II,60
2023-05-11 08:00:00,农化制品II,61
2023-05-11 08:00:00,Nan,62
2023-05-11 08:00:00,特钢II,63
2023-05-11 08:00:00,综合II,64
2023-05-11 08:00:00,专业服务II,65
2023-05-11 08:00:00,炼化及贸易II,66
2023-05-11 08:00:00,休闲食品II,67
2023-05-11 08:00:00,文娱用品II,68
2023-05-11 08:00:00,风电设备II,69
2023-05-11 08:00:00,饰品II,70
2023-05-11 08:00:00,白色家电II,71
2023-05-11 08:00:00,体育II,72
2023-05-11 08:00:00,水泥制造II,73
2023-05-11 08:00:00,半导体II,74
2023-05-11 08:00:00,视听器材II,75
2023-05-11 08:00:00,光伏设备II,76
2023-05-11 08:00:00,电池II,77
2023-05-11 08:00:00,渔业II,78
2023-05-11 08:00:00,生物制品II,79
2023-05-11 08:00:00,工业金属II,80
2023-05-11 08:00:00,造纸II,81
2023-05-11 08:00:00,化学原料II,82
2023-05-11 08:00:00,军工电子II,83
2023-05-11 08:00:00,房屋建设II,84
2023-05-11 08:00:00,小家电II,85
2023-05-11 08:00:00,焦炭II,86
2023-05-11 08:00:00,农产品加工II,87
2023-05-11 08:00:00,个护用品II,88
2023-05-11 08:00:00,油气开采II,89
2023-05-11 08:00:00,航天装备II,90
2023-05-11 08:00:00,电子化学品II,91
2023-05-11 08:00:00,工程机械II,92
2023-05-11 08:00:00,塑料II,93
2023-05-11 08:00:00,稀有金属II,94
2023-05-11 08:00:00,冶钢原料II,95
2023-05-11 08:00:00,专业零售II,96
2023-05-11 08:00:00,油服工程II,97
2023-05-11 08:00:00,地面兵装II,98
2023-05-11 08:00:00,调味发酵品II,99
2023-05-11 08:00:00,航空机场II,100
2023-05-11 08:00:00,食品加工II,101
2023-05-11 08:00:00,农业综合II,102
2023-05-11 08:00:00,航空装备II,103
2023-05-11 08:00:00,照明设备II,104
2023-05-11 08:00:00,金属非金属新材料II,105
2023-05-11 08:00:00,白酒II,106
2023-05-11 08:00:00,化学纤维II,107
2023-05-11 08:00:00,橡胶II,108
2023-05-11 08:00:00,其他交运设备II,109
2023-05-10 08:00:00,电力II,1
2023-05-10 08:00:00,环境治理II,2
2023-05-10 08:00:00,出版II,3
2023-05-10 08:00:00,电网设备II,4
2023-05-10 08:00:00,铁路公路II,5
2023-05-10 08:00:00,服装家纺II,6
2023-05-10 08:00:00,通用机械II,7
2023-05-10 08:00:00,一般零售II,8
2023-05-10 08:00:00,游戏II,9
2023-05-10 08:00:00,化学制药II,10
2023-05-10 08:00:00,专用设备II,11
2023-05-10 08:00:00,房地产开发II,12
2023-05-10 08:00:00,汽车零部件II,13
2023-05-10 08:00:00,影视院线II,14
2023-05-10 08:00:00,航运港口II,15
2023-05-10 08:00:00,中药II,16
2023-05-10 08:00:00,广告营销II,17
2023-05-10 08:00:00,城商行II,18
2023-05-10 08:00:00,多元金融II,19
2023-05-10 08:00:00,证券II,20
2023-05-10 08:00:00,计算机设备II,21
2023-05-10 08:00:00,煤炭开采II,22
2023-05-10 08:00:00,工程咨询服务II,23
2023-05-10 08:00:00,软件开发II,24
2023-05-10 08:00:00,基础建设II,25
2023-05-10 08:00:00,IT服务II,26
2023-05-10 08:00:00,教育II,27
2023-05-10 08:00:00,医药商业II,28
2023-05-10 08:00:00,化学制品II,29
2023-05-10 08:00:00,船舶制造II,30
2023-05-10 08:00:00,饮料乳品II,31
2023-05-10 08:00:00,普钢II,32
2023-05-10 08:00:00,通信设备II,33
2023-05-10 08:00:00,电源设备II,34
2023-05-10 08:00:00,专业工程II,35
2023-05-10 08:00:00,物流II,36
2023-05-10 08:00:00,自动化设备II,37
2023-05-10 08:00:00,家用轻工II,38
2023-05-10 08:00:00,燃气II,39
2023-05-10 08:00:00,医疗器械II,40
2023-05-10 08:00:00,商用车II,41
2023-05-10 08:00:00,股份制银行II,42
2023-05-10 08:00:00,运输设备II,43
2023-05-10 08:00:00,国有大型银行II,44
2023-05-10 08:00:00,电视广播II,45
2023-05-10 08:00:00,农化制品II,46
2023-05-10 08:00:00,装修装饰II,47
2023-05-10 08:00:00,工业金属II,48
2023-05-10 08:00:00,通信运营II,49
2023-05-10 08:00:00,包装印刷II,50
2023-05-10 08:00:00,医疗服务II,51
2023-05-10 08:00:00,其他建材II,52
2023-05-10 08:00:00,保险II,53
2023-05-10 08:00:00,汽车服务II,54
2023-05-10 08:00:00,农商行II,55
2023-05-10 08:00:00,数字媒体II,56
2023-05-10 08:00:00,纺织制造II,57
2023-05-10 08:00:00,光学光电子II,58
2023-05-10 08:00:00,专业服务II,59
2023-05-10 08:00:00,饰品II,60
2023-05-10 08:00:00,电池II,61
2023-05-10 08:00:00,房屋建设II,62
2023-05-10 08:00:00,水泥制造II,63
2023-05-10 08:00:00,电子制造II,64
2023-05-10 08:00:00,化妆品II,65
2023-05-10 08:00:00,特钢II,66
2023-05-10 08:00:00,休闲食品II,67
2023-05-10 08:00:00,军工电子II,68
2023-05-10 08:00:00,互联网电商II,69
2023-05-10 08:00:00,体育II,70
2023-05-10 08:00:00,贸易II,71
2023-05-10 08:00:00,炼化及贸易II,72
2023-05-10 08:00:00,油服工程II,73
2023-05-10 08:00:00,造纸II,74
2023-05-10 08:00:00,电机II,75
2023-05-10 08:00:00,风电设备II,76
2023-05-10 08:00:00,文娱用品II,77
2023-05-10 08:00:00,综合II,78
2023-05-10 08:00:00,视听器材II,79
2023-05-10 08:00:00,生物制品II,80
2023-05-10 08:00:00,化学原料II,81
2023-05-10 08:00:00,渔业II,82
2023-05-10 08:00:00,航空装备II,83
2023-05-10 08:00:00,调味发酵品II,84
2023-05-10 08:00:00,家电零部件II,85
2023-05-10 08:00:00,小家电II,86
2023-05-10 08:00:00,白色家电II,87
2023-05-10 08:00:00,电子化学品II,88
2023-05-10 08:00:00,Nan,89
2023-05-10 08:00:00,航天装备II,90
2023-05-10 08:00:00,其他电子II,91
2023-05-10 08:00:00,稀有金属II,92
2023-05-10 08:00:00,光伏设备II,93
2023-05-10 08:00:00,地面兵装II,94
2023-05-10 08:00:00,塑料II,95
2023-05-10 08:00:00,半导体II,96
2023-05-10 08:00:00,专业零售II,97
2023-05-10 08:00:00,工程机械II,98
2023-05-10 08:00:00,农业综合II,99
2023-05-10 08:00:00,航空机场II,100
2023-05-10 08:00:00,食品加工II,101
2023-05-10 08:00:00,照明设备II,102
2023-05-10 08:00:00,饲料II,103
2023-05-10 08:00:00,冶钢原料II,104
2023-05-10 08:00:00,环保设备II,105
2023-05-10 08:00:00,乘用车II,106
2023-05-10 08:00:00,白酒II,107
2023-05-10 08:00:00,化学纤维II,108
2023-05-10 08:00:00,油气开采II,109
2023-05-10 08:00:00,旅游及景区II,110
2023-05-09 08:00:00,电力II,1
2023-05-09 08:00:00,出版II,2
2023-05-09 08:00:00,环境治理II,3
2023-05-09 08:00:00,证券II,4
2023-05-09 08:00:00,铁路公路II,5
2023-05-09 08:00:00,房地产开发II,6
2023-05-09 08:00:00,通用机械II,7
2023-05-09 08:00:00,服装家纺II,8
2023-05-09 08:00:00,化学制药II,9
2023-05-09 08:00:00,航运港口II,10
2023-05-09 08:00:00,游戏II,11
2023-05-09 08:00:00,基础建设II,12
2023-05-09 08:00:00,一般零售II,13
2023-05-09 08:00:00,城商行II,14
2023-05-09 08:00:00,多元金融II,15
2023-05-09 08:00:00,专用设备II,16
2023-05-09 08:00:00,IT服务II,17
2023-05-09 08:00:00,影视院线II,18
2023-05-09 08:00:00,广告营销II,19
2023-05-09 08:00:00,电网设备II,20
2023-05-09 08:00:00,中药II,21
2023-05-09 08:00:00,医疗器械II,22
2023-05-09 08:00:00,工程咨询服务II,23
2023-05-09 08:00:00,计算机设备II,24
2023-05-09 08:00:00,煤炭开采II,25
2023-05-09 08:00:00,软件开发II,26
2023-05-09 08:00:00,专业工程II,27
2023-05-09 08:00:00,医药商业II,28
2023-05-09 08:00:00,化学制品II,29
2023-05-09 08:00:00,农商行II,30
2023-05-09 08:00:00,饮料乳品II,31
2023-05-09 08:00:00,普钢II,32
2023-05-09 08:00:00,运输设备II,33
2023-05-09 08:00:00,电视广播II,34
2023-05-09 08:00:00,船舶制造II,35
2023-05-09 08:00:00,通信设备II,36
2023-05-09 08:00:00,教育II,37
2023-05-09 08:00:00,股份制银行II,38
2023-05-09 08:00:00,国有大型银行II,39
2023-05-09 08:00:00,物流II,40
2023-05-09 08:00:00,数字媒体II,41
2023-05-09 08:00:00,保险II,42
2023-05-09 08:00:00,其他建材II,43
2023-05-09 08:00:00,家用轻工II,44
2023-05-09 08:00:00,汽车零部件II,45
2023-05-09 08:00:00,医疗服务II,46
2023-05-09 08:00:00,贸易II,47
2023-05-09 08:00:00,电源设备II,48
2023-05-09 08:00:00,纺织制造II,49
2023-05-09 08:00:00,饰品II,50
2023-05-09 08:00:00,农化制品II,51
2023-05-09 08:00:00,装修装饰II,52
2023-05-09 08:00:00,燃气II,53
2023-05-09 08:00:00,农产品加工II,54
2023-05-09 08:00:00,互联网电商II,55
2023-05-09 08:00:00,包装印刷II,56
2023-05-09 08:00:00,房屋建设II,57
2023-05-09 08:00:00,水泥制造II,58
2023-05-09 08:00:00,化妆品II,59
2023-05-09 08:00:00,油服工程II,60
2023-05-09 08:00:00,特钢II,61
2023-05-09 08:00:00,专业服务II,62
2023-05-09 08:00:00,汽车服务II,63
2023-05-09 08:00:00,军工电子II,64
2023-05-09 08:00:00,自动化设备II,65
2023-05-09 08:00:00,通信运营II,66
2023-05-09 08:00:00,体育II,67
2023-05-09 08:00:00,商用车II,68
2023-05-09 08:00:00,电子制造II,69
2023-05-09 08:00:00,白色家电II,70
2023-05-09 08:00:00,炼化及贸易II,71
2023-05-09 08:00:00,造纸II,72
2023-05-09 08:00:00,光学光电子II,73
2023-05-09 08:00:00,生物制品II,74
2023-05-09 08:00:00,照明设备II,75
2023-05-09 08:00:00,地面兵装II,76
2023-05-09 08:00:00,航空装备II,77
2023-05-09 08:00:00,文娱用品II,78
2023-05-09 08:00:00,综合II,79
2023-05-09 08:00:00,休闲食品II,80
2023-05-09 08:00:00,工业金属II,81
2023-05-09 08:00:00,油气开采II,82
2023-05-09 08:00:00,调味发酵品II,83
2023-05-09 08:00:00,渔业II,84
2023-05-09 08:00:00,光伏设备II,85
2023-05-09 08:00:00,金属非金属新材料II,86
2023-05-09 08:00:00,航天装备II,87
2023-05-09 08:00:00,其他电子II,88
2023-05-09 08:00:00,电子化学品II,89
2023-05-09 08:00:00,Nan,90
2023-05-09 08:00:00,塑料II,91
2023-05-09 08:00:00,工程机械II,92
2023-05-09 08:00:00,农业综合II,93
2023-05-09 08:00:00,半导体II,94
2023-05-09 08:00:00,航空机场II,95
2023-05-09 08:00:00,专业零售II,96
2023-05-09 08:00:00,冶钢原料II,97
2023-05-09 08:00:00,旅游及景区II,98
2023-05-09 08:00:00,化学纤维II,99
2023-05-09 08:00:00,橡胶II,100
2023-05-09 08:00:00,稀有金属II,101
2023-05-09 08:00:00,风电设备II,102
2023-05-09 08:00:00,白酒II,103
2023-05-09 08:00:00,食品加工II,104
2023-05-09 08:00:00,房地产服务II,105
2023-05-09 08:00:00,化学原料II,106
2023-05-09 08:00:00,电池II,107
2023-05-08 08:00:00,电力II,1
2023-05-08 08:00:00,出版II,2
2023-05-08 08:00:00,通用机械II,3
2023-05-08 08:00:00,化学制药II,4
2023-05-08 08:00:00,服装家纺II,5
2023-05-08 08:00:00,中药II,6
2023-05-08 08:00:00,铁路公路II,7
2023-05-08 08:00:00,电网设备II,8
2023-05-08 08:00:00,基础建设II,9
2023-05-08 08:00:00,游戏II,10
2023-05-08 08:00:00,房地产开发II,11
2023-05-08 08:00:00,医疗器械II,12
2023-05-08 08:00:00,专用设备II,13
2023-05-08 08:00:00,环境治理II,14
2023-05-08 08:00:00,IT服务II,15
2023-05-08 08:00:00,一般零售II,16
2023-05-08 08:00:00,证券II,17
2023-05-08 08:00:00,城商行II,18
2023-05-08 08:00:00,影视院线II,19
2023-05-08 08:00:00,航运港口II,20
2023-05-08 08:00:00,化学制品II,21
2023-05-08 08:00:00,工程咨询服务II,22
2023-05-08 08:00:00,软件开发II,23
2023-05-08 08:00:00,广告营销II,24
2023-05-08 08:00:00,通信设备II,25
2023-05-08 08:00:00,运输设备II,26
2023-05-08 08:00:00,专业工程II,27
2023-05-08 08:00:00,计算机设备II,28
2023-05-08 08:00:00,船舶制造II,29
2023-05-08 08:00:00,多元金融II,30
2023-05-08 08:00:00,汽车零部件II,31
2023-05-08 08:00:00,医药商业II,32
2023-05-08 08:00:00,饮料乳品II,33
2023-05-08 08:00:00,物流II,34
2023-05-08 08:00:00,农商行II,35
2023-05-08 08:00:00,煤炭开采II,36
2023-05-08 08:00:00,教育II,37
2023-05-08 08:00:00,股份制银行II,38
2023-05-08 08:00:00,国有大型银行II,39
2023-05-08 08:00:00,生物制品II,40
2023-05-08 08:00:00,保险II,41
2023-05-08 08:00:00,其他建材II,42
2023-05-08 08:00:00,普钢II,43
2023-05-08 08:00:00,家用轻工II,44
2023-05-08 08:00:00,电源设备II,45
2023-05-08 08:00:00,医疗服务II,46
2023-05-08 08:00:00,数字媒体II,47
2023-05-08 08:00:00,电子制造II,48
2023-05-08 08:00:00,光学光电子II,49
2023-05-08 08:00:00,饰品II,50
2023-05-08 08:00:00,化妆品II,51
2023-05-08 08:00:00,军工电子II,52
2023-05-08 08:00:00,农产品加工II,53
2023-05-08 08:00:00,自动化设备II,54
2023-05-08 08:00:00,电视广播II,55
2023-05-08 08:00:00,工业金属II,56
2023-05-08 08:00:00,纺织制造II,57
2023-05-08 08:00:00,专业服务II,58
2023-05-08 08:00:00,燃气II,59
2023-05-08 08:00:00,通信运营II,60
2023-05-08 08:00:00,房屋建设II,61
2023-05-08 08:00:00,Nan,62
2023-05-08 08:00:00,包装印刷II,63
2023-05-08 08:00:00,炼化及贸易II,64
2023-05-08 08:00:00,白色家电II,65
2023-05-08 08:00:00,商用车II,66
2023-05-08 08:00:00,水泥制造II,67
2023-05-08 08:00:00,特钢II,68
2023-05-08 08:00:00,电子化学品II,69
2023-05-08 08:00:00,农化制品II,70
2023-05-08 08:00:00,航空装备II,71
2023-05-08 08:00:00,地面兵装II,72
2023-05-08 08:00:00,休闲食品II,73
2023-05-08 08:00:00,装修装饰II,74
2023-05-08 08:00:00,半导体II,75
2023-05-08 08:00:00,造纸II,76
2023-05-08 08:00:00,汽车服务II,77
2023-05-08 08:00:00,综合II,78
2023-05-08 08:00:00,文娱用品II,79
2023-05-08 08:00:00,黄金II,80
2023-05-08 08:00:00,工程机械II,81
2023-05-08 08:00:00,贸易II,82
2023-05-08 08:00:00,金属非金属新材料II,83
2023-05-08 08:00:00,油气开采II,84
2023-05-08 08:00:00,化学原料II,85
2023-05-08 08:00:00,家电零部件II,86
2023-05-08 08:00:00,渔业II,87
2023-05-08 08:00:00,互联网电商II,88
2023-05-08 08:00:00,体育II,89
2023-05-08 08:00:00,航天装备II,90
2023-05-08 08:00:00,其他电子II,91
2023-05-08 08:00:00,油服工程II,92
2023-05-08 08:00:00,视听器材II,93
2023-05-08 08:00:00,塑料II,94
2023-05-08 08:00:00,光伏设备II,95
2023-05-08 08:00:00,电机II,96
2023-05-08 08:00:00,风电设备II,97
2023-05-08 08:00:00,照明设备II,98
2023-05-08 08:00:00,旅游及景区II,99
2023-05-08 08:00:00,农业综合II,100
2023-05-08 08:00:00,电池II,101
2023-05-08 08:00:00,冶钢原料II,102
2023-05-08 08:00:00,专业零售II,103
2023-05-08 08:00:00,航空机场II,104
2023-05-08 08:00:00,食品加工II,105
2023-05-08 08:00:00,化学纤维II,106
2023-05-08 08:00:00,小家电II,107
2023-05-05 08:00:00,电力II,1
2023-05-05 08:00:00,出版II,2
2023-05-05 08:00:00,中药II,3
2023-05-05 08:00:00,服装家纺II,4
2023-05-05 08:00:00,化学制药II,5
2023-05-05 08:00:00,环境治理II,6
2023-05-05 08:00:00,铁路公路II,7
2023-05-05 08:00:00,游戏II,8
2023-05-05 08:00:00,专用设备II,9
2023-05-05 08:00:00,医疗器械II,10
2023-05-05 08:00:00,基础建设II,11
2023-05-05 08:00:00,通用机械II,12
2023-05-05 08:00:00,房地产开发II,13
2023-05-05 08:00:00,影视院线II,14
2023-05-05 08:00:00,IT服务II,15
2023-05-05 08:00:00,一般零售II,16
2023-05-05 08:00:00,航运港口II,17
2023-05-05 08:00:00,电网设备II,18
2023-05-05 08:00:00,工程咨询服务II,19
2023-05-05 08:00:00,城商行II,20
2023-05-05 08:00:00,运输设备II,21
2023-05-05 08:00:00,计算机设备II,22
2023-05-05 08:00:00,软件开发II,23
2023-05-05 08:00:00,通信设备II,24
2023-05-05 08:00:00,化学制品II,25
2023-05-05 08:00:00,广告营销II,26
2023-05-05 08:00:00,医药商业II,27
2023-05-05 08:00:00,证券II,28
2023-05-05 08:00:00,饮料乳品II,29
2023-05-05 08:00:00,船舶制造II,30
2023-05-05 08:00:00,专业工程II,31
2023-05-05 08:00:00,多元金融II,32
2023-05-05 08:00:00,物流II,33
2023-05-05 08:00:00,煤炭开采II,34
2023-05-05 08:00:00,教育II,35
2023-05-05 08:00:00,医疗服务II,36
2023-05-05 08:00:00,股份制银行II,37
2023-05-05 08:00:00,国有大型银行II,38
2023-05-05 08:00:00,普钢II,39
2023-05-05 08:00:00,家用轻工II,40
2023-05-05 08:00:00,汽车零部件II,41
2023-05-05 08:00:00,半导体II,42
2023-05-05 08:00:00,保险II,43
2023-05-05 08:00:00,电子化学品II,44
2023-05-05 08:00:00,农商行II,45
2023-05-05 08:00:00,专业服务II,46
2023-05-05 08:00:00,燃气II,47
2023-05-05 08:00:00,房屋建设II,48
2023-05-05 08:00:00,其他建材II,49
2023-05-05 08:00:00,电子制造II,50
2023-05-05 08:00:00,光学光电子II,51
2023-05-05 08:00:00,生物制品II,52
2023-05-05 08:00:00,水泥制造II,53
2023-05-05 08:00:00,饰品II,54
2023-05-05 08:00:00,电源设备II,55
2023-05-05 08:00:00,种植业II,56
2023-05-05 08:00:00,自动化设备II,57
2023-05-05 08:00:00,电视广播II,58
2023-05-05 08:00:00,Nan,59
2023-05-05 08:00:00,数字媒体II,60
2023-05-05 08:00:00,包装印刷II,61
2023-05-05 08:00:00,白色家电II,62
2023-05-05 08:00:00,小家电II,63
2023-05-05 08:00:00,特钢II,64
2023-05-05 08:00:00,军工电子II,65
2023-05-05 08:00:00,纺织制造II,66
2023-05-05 08:00:00,休闲食品II,67
2023-05-05 08:00:00,航空装备II,68
2023-05-05 08:00:00,农化制品II,69
2023-05-05 08:00:00,农产品加工II,70
2023-05-05 08:00:00,调味发酵品II,71
2023-05-05 08:00:00,家电零部件II,72
2023-05-05 08:00:00,装修装饰II,73
2023-05-05 08:00:00,通信运营II,74
2023-05-05 08:00:00,互联网电商II,75
2023-05-05 08:00:00,光伏设备II,76
2023-05-05 08:00:00,炼化及贸易II,77
2023-05-05 08:00:00,其他电子II,78
2023-05-05 08:00:00,化妆品II,79
2023-05-05 08:00:00,视听器材II,80
2023-05-05 08:00:00,汽车服务II,81
2023-05-05 08:00:00,造纸II,82
2023-05-05 08:00:00,综合II,83
2023-05-05 08:00:00,文娱用品II,84
2023-05-05 08:00:00,商用车II,85
2023-05-05 08:00:00,金属非金属新材料II,86
2023-05-05 08:00:00,工程机械II,87
2023-05-05 08:00:00,工业金属II,88
2023-05-05 08:00:00,化学原料II,89
2023-05-05 08:00:00,贸易II,90
2023-05-05 08:00:00,渔业II,91
2023-05-05 08:00:00,旅游及景区II,92
2023-05-05 08:00:00,非白酒II,93
2023-05-05 08:00:00,航天装备II,94
2023-05-05 08:00:00,油服工程II,95
2023-05-05 08:00:00,体育II,96
2023-05-05 08:00:00,黄金II,97
2023-05-05 08:00:00,塑料II,98
2023-05-05 08:00:00,个护用品II,99
2023-05-05 08:00:00,元件II,100
2023-05-05 08:00:00,食品加工II,101
2023-05-05 08:00:00,化学纤维II,102
2023-05-05 08:00:00,冶钢原料II,103
2023-05-05 08:00:00,照明设备II,104
2023-05-05 08:00:00,航空机场II,105
2023-05-05 08:00:00,农业综合II,106
2023-05-05 08:00:00,专业零售II,107
2023-05-05 08:00:00,白酒II,108
2023-05-05 08:00:00,油气开采II,109
2023-05-05 08:00:00,电池II,110
2023-05-04 08:00:00,化学制药II,1
2023-05-04 08:00:00,中药II,2
2023-05-04 08:00:00,出版II,3
2023-05-04 08:00:00,游戏II,4
2023-05-04 08:00:00,电力II,5
2023-05-04 08:00:00,医疗器械II,6
2023-05-04 08:00:00,铁路公路II,7
2023-05-04 08:00:00,通用机械II,8
2023-05-04 08:00:00,专用设备II,9
2023-05-04 08:00:00,服装家纺II,10
2023-05-04 08:00:00,影视院线II,11
2023-05-04 08:00:00,基础建设II,12
2023-05-04 08:00:00,电网设备II,13
2023-05-04 08:00:00,环境治理II,14
2023-05-04 08:00:00,软件开发II,15
2023-05-04 08:00:00,通信设备II,16
2023-05-04 08:00:00,一般零售II,17
2023-05-04 08:00:00,生物制品II,18
2023-05-04 08:00:00,房地产开发II,19
2023-05-04 08:00:00,航运港口II,20
2023-05-04 08:00:00,运输设备II,21
2023-05-04 08:00:00,专业工程II,22
2023-05-04 08:00:00,自动化设备II,23
2023-05-04 08:00:00,证券II,24
2023-05-04 08:00:00,IT服务II,25
2023-05-04 08:00:00,广告营销II,26
2023-05-04 08:00:00,医疗服务II,27
2023-05-04 08:00:00,医药商业II,28
2023-05-04 08:00:00,计算机设备II,29
2023-05-04 08:00:00,多元金融II,30
2023-05-04 08:00:00,城商行II,31
2023-05-04 08:00:00,汽车零部件II,32
2023-05-04 08:00:00,电子制造II,33
2023-05-04 08:00:00,保险II,34
2023-05-04 08:00:00,电源设备II,35
2023-05-04 08:00:00,股份制银行II,36
2023-05-04 08:00:00,国有大型银行II,37
2023-05-04 08:00:00,煤炭开采II,38
2023-05-04 08:00:00,半导体II,39
2023-05-04 08:00:00,通信运营II,40
2023-05-04 08:00:00,船舶制造II,41
2023-05-04 08:00:00,数字媒体II,42
2023-05-04 08:00:00,专业服务II,43
2023-05-04 08:00:00,化学制品II,44
2023-05-04 08:00:00,物流II,45
2023-05-04 08:00:00,工程咨询服务II,46
2023-05-04 08:00:00,教育II,47
2023-05-04 08:00:00,光学光电子II,48
2023-05-04 08:00:00,电子化学品II,49
2023-05-04 08:00:00,白色家电II,50
2023-05-04 08:00:00,饰品II,51
2023-05-04 08:00:00,种植业II,52
2023-05-04 08:00:00,饮料乳品II,53
2023-05-04 08:00:00,电视广播II,54
2023-05-04 08:00:00,Nan,55
2023-05-04 08:00:00,水泥制造II,56
2023-05-04 08:00:00,包装印刷II,57
2023-05-04 08:00:00,农产品加工II,58
2023-05-04 08:00:00,小家电II,59
2023-05-04 08:00:00,特钢II,60
2023-05-04 08:00:00,普钢II,61
2023-05-04 08:00:00,纺织制造II,62
2023-05-04 08:00:00,休闲食品II,63
2023-05-04 08:00:00,金属非金属新材料II,64
2023-05-04 08:00:00,家用轻工II,65
2023-05-04 08:00:00,航空装备II,66
2023-05-04 08:00:00,调味发酵品II,67
2023-05-04 08:00:00,家电零部件II,68
2023-05-04 08:00:00,农商行II,69
2023-05-04 08:00:00,互联网电商II,70
2023-05-04 08:00:00,房屋建设II,71
2023-05-04 08:00:00,炼化及贸易II,72
2023-05-04 08:00:00,光伏设备II,73
2023-05-04 08:00:00,商用车II,74
2023-05-04 08:00:00,化妆品II,75
2023-05-04 08:00:00,其他电子II,76
2023-05-04 08:00:00,黄金II,77
2023-05-04 08:00:00,军工电子II,78
2023-05-04 08:00:00,文娱用品II,79
2023-05-04 08:00:00,综合II,80
2023-05-04 08:00:00,工程机械II,81
2023-05-04 08:00:00,农化制品II,82
2023-05-04 08:00:00,贸易II,83
2023-05-04 08:00:00,其他建材II,84
2023-05-04 08:00:00,装修装饰II,85
2023-05-04 08:00:00,航天装备II,86
2023-05-04 08:00:00,油服工程II,87
2023-05-04 08:00:00,体育II,88
2023-05-04 08:00:00,造纸II,89
2023-05-04 08:00:00,个护用品II,90
2023-05-04 08:00:00,元件II,91
2023-05-04 08:00:00,视听器材II,92
2023-05-04 08:00:00,塑料II,93
2023-05-04 08:00:00,专业零售II,94
2023-05-04 08:00:00,电机II,95
2023-05-04 08:00:00,航空机场II,96
2023-05-04 08:00:00,食品加工II,97
2023-05-04 08:00:00,化学纤维II,98
2023-05-04 08:00:00,渔业II,99
2023-05-04 08:00:00,冶钢原料II,100
2023-05-04 08:00:00,电池II,101
2023-05-04 08:00:00,工业金属II,102
2023-05-04 08:00:00,照明设备II,103
2023-05-04 08:00:00,农业综合II,104
2023-05-04 08:00:00,环保设备II,105
2023-05-04 08:00:00,旅游及景区II,106
2023-05-04 08:00:00,化学原料II,107
2023-05-04 08:00:00,燃气II,108

